[
{
    "model": "contenttypes.contenttype",
    "fields": {
        "app_label": "admin",
        "model": "logentry"
    }
},
{
    "model": "contenttypes.contenttype",
    "fields": {
        "app_label": "auth",
        "model": "permission"
    }
},
{
    "model": "contenttypes.contenttype",
    "fields": {
        "app_label": "auth",
        "model": "group"
    }
},
{
    "model": "contenttypes.contenttype",
    "fields": {
        "app_label": "auth",
        "model": "user"
    }
},
{
    "model": "contenttypes.contenttype",
    "fields": {
        "app_label": "contenttypes",
        "model": "contenttype"
    }
},
{
    "model": "contenttypes.contenttype",
    "fields": {
        "app_label": "sessions",
        "model": "session"
    }
},
{
    "model": "contenttypes.contenttype",
    "fields": {
        "app_label": "logtable",
        "model": "building"
    }
},
{
    "model": "contenttypes.contenttype",
    "fields": {
        "app_label": "logtable",
        "model": "level"
    }
},
{
    "model": "contenttypes.contenttype",
    "fields": {
        "app_label": "logtable",
        "model": "sensor"
    }
},
{
    "model": "contenttypes.contenttype",
    "fields": {
        "app_label": "logtable",
        "model": "log"
    }
},
{
    "model": "sessions.session",
    "pk": "aynco25c8kc6nh6rcfpcra28kfbcwysm",
    "fields": {
        "session_data": "MTEwOWQxMjgxMGFmZjQyNmM4MzY5OGU4MzU3NjkzNDZkMTg5ZTdhNjp7Il9hdXRoX3VzZXJfaWQiOiIzIiwiX2F1dGhfdXNlcl9iYWNrZW5kIjoiZGphbmdvLmNvbnRyaWIuYXV0aC5iYWNrZW5kcy5Nb2RlbEJhY2tlbmQiLCJfYXV0aF91c2VyX2hhc2giOiI5NGY5ODQ4NzQzZTI0MzQ5ZTNjMDM4MjUyZDc0ZDIwYjMwMmRjYWE3In0=",
        "expire_date": "2020-09-29T17:33:33.159"
    }
},
{
    "model": "logtable.building",
    "pk": 7,
    "fields": {
        "building_name": "N/A",
        "levels": 0
    }
},
{
    "model": "logtable.building",
    "pk": 8,
    "fields": {
        "building_name": "\uc2e0\uacf5\ud559\uad00",
        "levels": 10
    }
},
{
    "model": "logtable.level",
    "pk": 9,
    "fields": {
        "level_num": "Unknown",
        "img_file_path": "N/A",
        "building_id": 7
    }
},
{
    "model": "logtable.level",
    "pk": 10,
    "fields": {
        "level_num": "\uc2e0\uacf5\ud559\uad00_1",
        "img_file_path": "/res/singong/lvl1",
        "building_id": 8
    }
},
{
    "model": "logtable.level",
    "pk": 11,
    "fields": {
        "level_num": "\uc2e0\uacf5\ud559\uad00_2",
        "img_file_path": "/res/singong/lvl2",
        "building_id": 8
    }
},
{
    "model": "logtable.sensor",
    "pk": 201,
    "fields": {
        "sensor_code": "DGU0006",
        "sensor_name": "Unknown",
        "sensor_type": "UK",
        "sensor_status": "ND",
        "is_handled": false,
        "updated_time": "2020-09-15T17:33:26.090",
        "level": 9
    }
},
{
    "model": "logtable.sensor",
    "pk": 202,
    "fields": {
        "sensor_code": "DGU0001",
        "sensor_name": "Unknown",
        "sensor_type": "UK",
        "sensor_status": "ND",
        "is_handled": false,
        "updated_time": "2020-09-15T17:33:26.125",
        "level": 9
    }
},
{
    "model": "logtable.sensor",
    "pk": 203,
    "fields": {
        "sensor_code": "DGU0002",
        "sensor_name": "Unknown",
        "sensor_type": "UK",
        "sensor_status": "ND",
        "is_handled": false,
        "updated_time": "2020-09-15T17:33:26.153",
        "level": 9
    }
},
{
    "model": "logtable.sensor",
    "pk": 204,
    "fields": {
        "sensor_code": "DGU0004",
        "sensor_name": "Unknown",
        "sensor_type": "IG",
        "sensor_status": "OP",
        "is_handled": true,
        "updated_time": "2020-09-15T17:33:26",
        "level": 10
    }
},
{
    "model": "logtable.sensor",
    "pk": 205,
    "fields": {
        "sensor_code": "DGU0005",
        "sensor_name": "Unknown",
        "sensor_type": "UK",
        "sensor_status": "ND",
        "is_handled": false,
        "updated_time": "2020-09-15T17:33:26.212",
        "level": 9
    }
},
{
    "model": "logtable.sensor",
    "pk": 206,
    "fields": {
        "sensor_code": "DGU0003",
        "sensor_name": "Unknown",
        "sensor_type": "UK",
        "sensor_status": "ND",
        "is_handled": false,
        "updated_time": "2020-09-15T17:33:26.241",
        "level": 9
    }
},
{
    "model": "logtable.sensor",
    "pk": 207,
    "fields": {
        "sensor_code": "DGU0020",
        "sensor_name": "Unknown",
        "sensor_type": "UK",
        "sensor_status": "ND",
        "is_handled": false,
        "updated_time": "2020-09-15T17:33:26.274",
        "level": 9
    }
},
{
    "model": "logtable.sensor",
    "pk": 208,
    "fields": {
        "sensor_code": "DGU0008",
        "sensor_name": "Unknown",
        "sensor_type": "IG",
        "sensor_status": "OP",
        "is_handled": true,
        "updated_time": "2020-09-15T17:33:26",
        "level": 11
    }
},
{
    "model": "logtable.sensor",
    "pk": 209,
    "fields": {
        "sensor_code": "DGU0009",
        "sensor_name": "Unknown",
        "sensor_type": "IG",
        "sensor_status": "OP",
        "is_handled": true,
        "updated_time": "2020-09-15T17:33:26",
        "level": 11
    }
},
{
    "model": "logtable.sensor",
    "pk": 210,
    "fields": {
        "sensor_code": "DGU0010",
        "sensor_name": "Unknown",
        "sensor_type": "UK",
        "sensor_status": "ND",
        "is_handled": false,
        "updated_time": "2020-09-15T17:33:26.374",
        "level": 9
    }
},
{
    "model": "logtable.sensor",
    "pk": 211,
    "fields": {
        "sensor_code": "DGU0011",
        "sensor_name": "Unknown",
        "sensor_type": "UK",
        "sensor_status": "ND",
        "is_handled": true,
        "updated_time": "2020-09-15T17:33:26",
        "level": 9
    }
},
{
    "model": "logtable.sensor",
    "pk": 212,
    "fields": {
        "sensor_code": "DGU0012",
        "sensor_name": "Unknown",
        "sensor_type": "IG",
        "sensor_status": "OP",
        "is_handled": true,
        "updated_time": "2020-09-15T17:33:26",
        "level": 11
    }
},
{
    "model": "logtable.sensor",
    "pk": 213,
    "fields": {
        "sensor_code": "DGU0007",
        "sensor_name": "Unknown",
        "sensor_type": "IG",
        "sensor_status": "OP",
        "is_handled": true,
        "updated_time": "2020-09-15T17:33:26",
        "level": 10
    }
},
{
    "model": "logtable.sensor",
    "pk": 214,
    "fields": {
        "sensor_code": "DGU0013",
        "sensor_name": "Unknown",
        "sensor_type": "UK",
        "sensor_status": "ND",
        "is_handled": false,
        "updated_time": "2020-09-15T17:33:26.508",
        "level": 9
    }
},
{
    "model": "logtable.sensor",
    "pk": 215,
    "fields": {
        "sensor_code": "DGU0014",
        "sensor_name": "Unknown",
        "sensor_type": "UK",
        "sensor_status": "ND",
        "is_handled": false,
        "updated_time": "2020-09-15T17:33:26.542",
        "level": 9
    }
},
{
    "model": "logtable.sensor",
    "pk": 216,
    "fields": {
        "sensor_code": "DGU0015",
        "sensor_name": "Unknown",
        "sensor_type": "UK",
        "sensor_status": "ND",
        "is_handled": false,
        "updated_time": "2020-09-15T17:33:26.574",
        "level": 9
    }
},
{
    "model": "logtable.sensor",
    "pk": 217,
    "fields": {
        "sensor_code": "DGU0016",
        "sensor_name": "Unknown",
        "sensor_type": "UK",
        "sensor_status": "ND",
        "is_handled": false,
        "updated_time": "2020-09-15T17:33:26.608",
        "level": 9
    }
},
{
    "model": "logtable.sensor",
    "pk": 218,
    "fields": {
        "sensor_code": "DGU0017",
        "sensor_name": "Unknown",
        "sensor_type": "UK",
        "sensor_status": "ND",
        "is_handled": false,
        "updated_time": "2020-09-15T17:33:26.641",
        "level": 9
    }
},
{
    "model": "logtable.sensor",
    "pk": 219,
    "fields": {
        "sensor_code": "DGU0018",
        "sensor_name": "Unknown",
        "sensor_type": "UK",
        "sensor_status": "ND",
        "is_handled": false,
        "updated_time": "2020-09-15T17:33:26.676",
        "level": 9
    }
},
{
    "model": "logtable.sensor",
    "pk": 220,
    "fields": {
        "sensor_code": "DGU0021",
        "sensor_name": "Unknown",
        "sensor_type": "UK",
        "sensor_status": "ND",
        "is_handled": false,
        "updated_time": "2020-09-15T17:33:26.709",
        "level": 9
    }
},
{
    "model": "logtable.sensor",
    "pk": 221,
    "fields": {
        "sensor_code": "DGU0024",
        "sensor_name": "Unknown",
        "sensor_type": "UK",
        "sensor_status": "ND",
        "is_handled": false,
        "updated_time": "2020-09-15T17:33:26.742",
        "level": 9
    }
},
{
    "model": "logtable.sensor",
    "pk": 222,
    "fields": {
        "sensor_code": "DGU0025",
        "sensor_name": "Unknown",
        "sensor_type": "UK",
        "sensor_status": "ND",
        "is_handled": false,
        "updated_time": "2020-09-15T17:33:26.782",
        "level": 9
    }
},
{
    "model": "logtable.sensor",
    "pk": 223,
    "fields": {
        "sensor_code": "DGU0022",
        "sensor_name": "Unknown",
        "sensor_type": "UK",
        "sensor_status": "ND",
        "is_handled": false,
        "updated_time": "2020-09-15T17:33:26.810",
        "level": 9
    }
},
{
    "model": "logtable.sensor",
    "pk": 224,
    "fields": {
        "sensor_code": "DGU0026",
        "sensor_name": "Unknown",
        "sensor_type": "UK",
        "sensor_status": "ND",
        "is_handled": false,
        "updated_time": "2020-09-15T17:33:26.841",
        "level": 9
    }
},
{
    "model": "logtable.sensor",
    "pk": 225,
    "fields": {
        "sensor_code": "DGU0023",
        "sensor_name": "Unknown",
        "sensor_type": "UK",
        "sensor_status": "ND",
        "is_handled": false,
        "updated_time": "2020-09-15T17:33:26.873",
        "level": 9
    }
},
{
    "model": "logtable.sensor",
    "pk": 226,
    "fields": {
        "sensor_code": "DGU0019",
        "sensor_name": "Unknown",
        "sensor_type": "UK",
        "sensor_status": "ND",
        "is_handled": false,
        "updated_time": "2020-09-15T17:33:26.907",
        "level": 9
    }
},
{
    "model": "logtable.sensor",
    "pk": 227,
    "fields": {
        "sensor_code": "DGU0027",
        "sensor_name": "Unknown",
        "sensor_type": "UK",
        "sensor_status": "ND",
        "is_handled": false,
        "updated_time": "2020-09-15T17:33:26.941",
        "level": 9
    }
},
{
    "model": "logtable.sensor",
    "pk": 228,
    "fields": {
        "sensor_code": "DGU0028",
        "sensor_name": "Unknown",
        "sensor_type": "UK",
        "sensor_status": "ND",
        "is_handled": false,
        "updated_time": "2020-09-15T17:33:26.973",
        "level": 9
    }
},
{
    "model": "logtable.sensor",
    "pk": 229,
    "fields": {
        "sensor_code": "DGU0029",
        "sensor_name": "Unknown",
        "sensor_type": "UK",
        "sensor_status": "ND",
        "is_handled": false,
        "updated_time": "2020-09-15T17:33:27.002",
        "level": 9
    }
},
{
    "model": "logtable.sensor",
    "pk": 230,
    "fields": {
        "sensor_code": "DGU0030",
        "sensor_name": "Unknown",
        "sensor_type": "UK",
        "sensor_status": "ND",
        "is_handled": false,
        "updated_time": "2020-09-15T17:33:27.029",
        "level": 9
    }
},
{
    "model": "logtable.sensor",
    "pk": 231,
    "fields": {
        "sensor_code": "DGU0031",
        "sensor_name": "Unknown",
        "sensor_type": "UK",
        "sensor_status": "ND",
        "is_handled": false,
        "updated_time": "2020-09-15T17:33:27.057",
        "level": 9
    }
},
{
    "model": "logtable.sensor",
    "pk": 232,
    "fields": {
        "sensor_code": "DGU0032",
        "sensor_name": "Unknown",
        "sensor_type": "UK",
        "sensor_status": "ND",
        "is_handled": false,
        "updated_time": "2020-09-15T17:33:27.087",
        "level": 9
    }
},
{
    "model": "logtable.sensor",
    "pk": 233,
    "fields": {
        "sensor_code": "DGU0033",
        "sensor_name": "Unknown",
        "sensor_type": "UK",
        "sensor_status": "ND",
        "is_handled": false,
        "updated_time": "2020-09-15T17:33:27.124",
        "level": 9
    }
},
{
    "model": "logtable.sensor",
    "pk": 234,
    "fields": {
        "sensor_code": "DGU0034",
        "sensor_name": "Unknown",
        "sensor_type": "UK",
        "sensor_status": "ND",
        "is_handled": false,
        "updated_time": "2020-09-15T17:33:27.158",
        "level": 9
    }
},
{
    "model": "logtable.sensor",
    "pk": 235,
    "fields": {
        "sensor_code": "DGU0035",
        "sensor_name": "Unknown",
        "sensor_type": "UK",
        "sensor_status": "ND",
        "is_handled": false,
        "updated_time": "2020-09-15T17:33:27.193",
        "level": 9
    }
},
{
    "model": "logtable.sensor",
    "pk": 236,
    "fields": {
        "sensor_code": "DGU0036",
        "sensor_name": "Unknown",
        "sensor_type": "UK",
        "sensor_status": "ND",
        "is_handled": false,
        "updated_time": "2020-09-15T17:33:27.225",
        "level": 9
    }
},
{
    "model": "logtable.sensor",
    "pk": 237,
    "fields": {
        "sensor_code": "DGU0049",
        "sensor_name": "Unknown",
        "sensor_type": "UK",
        "sensor_status": "ND",
        "is_handled": false,
        "updated_time": "2020-09-15T17:33:27.258",
        "level": 9
    }
},
{
    "model": "logtable.sensor",
    "pk": 238,
    "fields": {
        "sensor_code": "DGU0050",
        "sensor_name": "Unknown",
        "sensor_type": "UK",
        "sensor_status": "ND",
        "is_handled": false,
        "updated_time": "2020-09-15T17:33:27.290",
        "level": 9
    }
},
{
    "model": "logtable.sensor",
    "pk": 239,
    "fields": {
        "sensor_code": "DGU0047",
        "sensor_name": "Unknown",
        "sensor_type": "UK",
        "sensor_status": "ND",
        "is_handled": false,
        "updated_time": "2020-09-15T17:33:27.324",
        "level": 9
    }
},
{
    "model": "logtable.sensor",
    "pk": 240,
    "fields": {
        "sensor_code": "DGU0048",
        "sensor_name": "Unknown",
        "sensor_type": "UK",
        "sensor_status": "ND",
        "is_handled": false,
        "updated_time": "2020-09-15T17:33:27.357",
        "level": 9
    }
},
{
    "model": "logtable.sensor",
    "pk": 241,
    "fields": {
        "sensor_code": "DGU0037",
        "sensor_name": "Unknown",
        "sensor_type": "UK",
        "sensor_status": "ND",
        "is_handled": false,
        "updated_time": "2020-09-15T17:33:27.390",
        "level": 9
    }
},
{
    "model": "logtable.sensor",
    "pk": 242,
    "fields": {
        "sensor_code": "DGU0038",
        "sensor_name": "Unknown",
        "sensor_type": "UK",
        "sensor_status": "ND",
        "is_handled": false,
        "updated_time": "2020-09-15T17:33:27.422",
        "level": 9
    }
},
{
    "model": "logtable.sensor",
    "pk": 243,
    "fields": {
        "sensor_code": "DGU0039",
        "sensor_name": "Unknown",
        "sensor_type": "UK",
        "sensor_status": "ND",
        "is_handled": false,
        "updated_time": "2020-09-15T17:33:27.450",
        "level": 9
    }
},
{
    "model": "logtable.sensor",
    "pk": 244,
    "fields": {
        "sensor_code": "DGU0041",
        "sensor_name": "Unknown",
        "sensor_type": "UK",
        "sensor_status": "ND",
        "is_handled": false,
        "updated_time": "2020-09-15T17:33:27.481",
        "level": 9
    }
},
{
    "model": "logtable.sensor",
    "pk": 245,
    "fields": {
        "sensor_code": "DGU0042",
        "sensor_name": "Unknown",
        "sensor_type": "UK",
        "sensor_status": "ND",
        "is_handled": false,
        "updated_time": "2020-09-15T17:33:27.507",
        "level": 9
    }
},
{
    "model": "logtable.sensor",
    "pk": 246,
    "fields": {
        "sensor_code": "DGU0044",
        "sensor_name": "Unknown",
        "sensor_type": "UK",
        "sensor_status": "ND",
        "is_handled": false,
        "updated_time": "2020-09-15T17:33:27.545",
        "level": 9
    }
},
{
    "model": "logtable.sensor",
    "pk": 247,
    "fields": {
        "sensor_code": "DGU0045",
        "sensor_name": "Unknown",
        "sensor_type": "UK",
        "sensor_status": "ND",
        "is_handled": false,
        "updated_time": "2020-09-15T17:33:27.574",
        "level": 9
    }
},
{
    "model": "logtable.sensor",
    "pk": 248,
    "fields": {
        "sensor_code": "DGU0043",
        "sensor_name": "Unknown",
        "sensor_type": "UK",
        "sensor_status": "ND",
        "is_handled": false,
        "updated_time": "2020-09-15T17:33:27.608",
        "level": 9
    }
},
{
    "model": "logtable.sensor",
    "pk": 249,
    "fields": {
        "sensor_code": "DGU0046",
        "sensor_name": "Unknown",
        "sensor_type": "UK",
        "sensor_status": "ND",
        "is_handled": false,
        "updated_time": "2020-09-15T17:33:27.652",
        "level": 9
    }
},
{
    "model": "logtable.sensor",
    "pk": 250,
    "fields": {
        "sensor_code": "DGU0040",
        "sensor_name": "Unknown",
        "sensor_type": "UK",
        "sensor_status": "ND",
        "is_handled": false,
        "updated_time": "2020-09-15T17:33:27.695",
        "level": 9
    }
},
{
    "model": "logtable.log",
    "pk": 260,
    "fields": {
        "sensor": 201,
        "updated_time": "2019-12-13T21:07:33"
    }
},
{
    "model": "logtable.log",
    "pk": 261,
    "fields": {
        "sensor": 202,
        "updated_time": "2019-12-12T04:50:20"
    }
},
{
    "model": "logtable.log",
    "pk": 262,
    "fields": {
        "sensor": 203,
        "updated_time": "2020-06-03T01:43:04"
    }
},
{
    "model": "logtable.log",
    "pk": 263,
    "fields": {
        "sensor": 204,
        "updated_time": "2020-09-15T17:23:41"
    }
},
{
    "model": "logtable.log",
    "pk": 264,
    "fields": {
        "sensor": 205,
        "updated_time": "2019-12-24T13:07:35"
    }
},
{
    "model": "logtable.log",
    "pk": 265,
    "fields": {
        "sensor": 206,
        "updated_time": "2019-12-20T16:21:14"
    }
},
{
    "model": "logtable.log",
    "pk": 266,
    "fields": {
        "sensor": 207,
        "updated_time": "2019-11-15T14:20:12"
    }
},
{
    "model": "logtable.log",
    "pk": 267,
    "fields": {
        "sensor": 208,
        "updated_time": "2020-09-15T17:31:04"
    }
},
{
    "model": "logtable.log",
    "pk": 268,
    "fields": {
        "sensor": 209,
        "updated_time": "2020-09-15T17:32:53"
    }
},
{
    "model": "logtable.log",
    "pk": 269,
    "fields": {
        "sensor": 210,
        "updated_time": "2020-06-26T19:53:53"
    }
},
{
    "model": "logtable.log",
    "pk": 270,
    "fields": {
        "sensor": 211,
        "updated_time": "2020-01-09T14:44:27"
    }
},
{
    "model": "logtable.log",
    "pk": 271,
    "fields": {
        "sensor": 212,
        "updated_time": "2020-09-15T17:32:22"
    }
},
{
    "model": "logtable.log",
    "pk": 272,
    "fields": {
        "sensor": 213,
        "updated_time": "2020-09-15T17:30:48"
    }
},
{
    "model": "logtable.log",
    "pk": 273,
    "fields": {
        "sensor": 214,
        "updated_time": "2019-11-15T14:06:23"
    }
},
{
    "model": "logtable.log",
    "pk": 274,
    "fields": {
        "sensor": 215,
        "updated_time": "2019-12-11T17:54:27"
    }
},
{
    "model": "logtable.log",
    "pk": 275,
    "fields": {
        "sensor": 216,
        "updated_time": "2020-06-03T22:10:21"
    }
},
{
    "model": "logtable.log",
    "pk": 276,
    "fields": {
        "sensor": 217,
        "updated_time": "2019-12-12T01:46:02"
    }
},
{
    "model": "logtable.log",
    "pk": 277,
    "fields": {
        "sensor": 218,
        "updated_time": "2020-06-12T14:17:26"
    }
},
{
    "model": "logtable.log",
    "pk": 278,
    "fields": {
        "sensor": 219,
        "updated_time": "2020-06-30T19:28:00"
    }
},
{
    "model": "logtable.log",
    "pk": 279,
    "fields": {
        "sensor": 220,
        "updated_time": "2019-11-15T14:20:19"
    }
},
{
    "model": "logtable.log",
    "pk": 280,
    "fields": {
        "sensor": 221,
        "updated_time": "2019-11-15T14:24:16"
    }
},
{
    "model": "logtable.log",
    "pk": 281,
    "fields": {
        "sensor": 222,
        "updated_time": "2019-11-15T14:24:17"
    }
},
{
    "model": "logtable.log",
    "pk": 282,
    "fields": {
        "sensor": 223,
        "updated_time": "2019-11-15T14:24:16"
    }
},
{
    "model": "logtable.log",
    "pk": 283,
    "fields": {
        "sensor": 224,
        "updated_time": "2019-11-15T14:24:17"
    }
},
{
    "model": "logtable.log",
    "pk": 284,
    "fields": {
        "sensor": 225,
        "updated_time": "2019-11-15T14:24:18"
    }
},
{
    "model": "logtable.log",
    "pk": 285,
    "fields": {
        "sensor": 226,
        "updated_time": "2019-11-15T14:24:34"
    }
},
{
    "model": "logtable.log",
    "pk": 286,
    "fields": {
        "sensor": 227,
        "updated_time": "2019-11-15T14:36:30"
    }
},
{
    "model": "logtable.log",
    "pk": 287,
    "fields": {
        "sensor": 228,
        "updated_time": "2019-11-15T14:36:44"
    }
},
{
    "model": "logtable.log",
    "pk": 288,
    "fields": {
        "sensor": 229,
        "updated_time": "2019-11-15T14:36:50"
    }
},
{
    "model": "logtable.log",
    "pk": 289,
    "fields": {
        "sensor": 230,
        "updated_time": "2019-11-15T14:36:52"
    }
},
{
    "model": "logtable.log",
    "pk": 290,
    "fields": {
        "sensor": 231,
        "updated_time": "2019-11-15T14:37:06"
    }
},
{
    "model": "logtable.log",
    "pk": 291,
    "fields": {
        "sensor": 232,
        "updated_time": "2019-11-15T14:37:15"
    }
},
{
    "model": "logtable.log",
    "pk": 292,
    "fields": {
        "sensor": 233,
        "updated_time": "2019-11-15T14:37:22"
    }
},
{
    "model": "logtable.log",
    "pk": 293,
    "fields": {
        "sensor": 234,
        "updated_time": "2019-11-15T14:37:28"
    }
},
{
    "model": "logtable.log",
    "pk": 294,
    "fields": {
        "sensor": 235,
        "updated_time": "2019-11-15T14:37:37"
    }
},
{
    "model": "logtable.log",
    "pk": 295,
    "fields": {
        "sensor": 236,
        "updated_time": "2019-11-15T14:37:41"
    }
},
{
    "model": "logtable.log",
    "pk": 296,
    "fields": {
        "sensor": 237,
        "updated_time": "2019-11-15T14:41:20"
    }
},
{
    "model": "logtable.log",
    "pk": 297,
    "fields": {
        "sensor": 238,
        "updated_time": "2019-11-15T14:41:29"
    }
},
{
    "model": "logtable.log",
    "pk": 298,
    "fields": {
        "sensor": 239,
        "updated_time": "2019-11-15T14:41:50"
    }
},
{
    "model": "logtable.log",
    "pk": 299,
    "fields": {
        "sensor": 240,
        "updated_time": "2019-11-15T14:42:12"
    }
},
{
    "model": "logtable.log",
    "pk": 300,
    "fields": {
        "sensor": 241,
        "updated_time": "2019-11-15T14:50:02"
    }
},
{
    "model": "logtable.log",
    "pk": 301,
    "fields": {
        "sensor": 242,
        "updated_time": "2019-11-15T14:50:09"
    }
},
{
    "model": "logtable.log",
    "pk": 302,
    "fields": {
        "sensor": 243,
        "updated_time": "2019-11-15T14:50:14"
    }
},
{
    "model": "logtable.log",
    "pk": 303,
    "fields": {
        "sensor": 244,
        "updated_time": "2019-11-15T14:50:35"
    }
},
{
    "model": "logtable.log",
    "pk": 304,
    "fields": {
        "sensor": 245,
        "updated_time": "2019-11-15T14:50:49"
    }
},
{
    "model": "logtable.log",
    "pk": 305,
    "fields": {
        "sensor": 246,
        "updated_time": "2019-11-15T15:04:18"
    }
},
{
    "model": "logtable.log",
    "pk": 306,
    "fields": {
        "sensor": 247,
        "updated_time": "2019-11-15T14:51:11"
    }
},
{
    "model": "logtable.log",
    "pk": 307,
    "fields": {
        "sensor": 248,
        "updated_time": "2019-11-15T15:00:29"
    }
},
{
    "model": "logtable.log",
    "pk": 308,
    "fields": {
        "sensor": 249,
        "updated_time": "2019-11-15T15:01:02"
    }
},
{
    "model": "logtable.log",
    "pk": 309,
    "fields": {
        "sensor": 250,
        "updated_time": "2019-11-15T15:02:37"
    }
},
{
    "model": "logtable.log",
    "pk": 310,
    "fields": {
        "sensor": 204,
        "updated_time": "2020-09-15T17:33:41"
    }
},
{
    "model": "logtable.log",
    "pk": 311,
    "fields": {
        "sensor": 208,
        "updated_time": "2020-09-15T17:41:06"
    }
},
{
    "model": "logtable.log",
    "pk": 312,
    "fields": {
        "sensor": 209,
        "updated_time": "2020-09-15T17:42:54"
    }
},
{
    "model": "logtable.log",
    "pk": 313,
    "fields": {
        "sensor": 212,
        "updated_time": "2020-09-15T17:42:22"
    }
},
{
    "model": "logtable.log",
    "pk": 314,
    "fields": {
        "sensor": 213,
        "updated_time": "2020-09-15T17:40:48"
    }
},
{
    "model": "logtable.log",
    "pk": 315,
    "fields": {
        "sensor": 204,
        "updated_time": "2020-09-15T17:43:42"
    }
},
{
    "model": "auth.permission",
    "fields": {
        "name": "Can add log entry",
        "content_type": [
            "admin",
            "logentry"
        ],
        "codename": "add_logentry"
    }
},
{
    "model": "auth.permission",
    "fields": {
        "name": "Can change log entry",
        "content_type": [
            "admin",
            "logentry"
        ],
        "codename": "change_logentry"
    }
},
{
    "model": "auth.permission",
    "fields": {
        "name": "Can delete log entry",
        "content_type": [
            "admin",
            "logentry"
        ],
        "codename": "delete_logentry"
    }
},
{
    "model": "auth.permission",
    "fields": {
        "name": "Can view log entry",
        "content_type": [
            "admin",
            "logentry"
        ],
        "codename": "view_logentry"
    }
},
{
    "model": "auth.permission",
    "fields": {
        "name": "Can add permission",
        "content_type": [
            "auth",
            "permission"
        ],
        "codename": "add_permission"
    }
},
{
    "model": "auth.permission",
    "fields": {
        "name": "Can change permission",
        "content_type": [
            "auth",
            "permission"
        ],
        "codename": "change_permission"
    }
},
{
    "model": "auth.permission",
    "fields": {
        "name": "Can delete permission",
        "content_type": [
            "auth",
            "permission"
        ],
        "codename": "delete_permission"
    }
},
{
    "model": "auth.permission",
    "fields": {
        "name": "Can view permission",
        "content_type": [
            "auth",
            "permission"
        ],
        "codename": "view_permission"
    }
},
{
    "model": "auth.permission",
    "fields": {
        "name": "Can add group",
        "content_type": [
            "auth",
            "group"
        ],
        "codename": "add_group"
    }
},
{
    "model": "auth.permission",
    "fields": {
        "name": "Can change group",
        "content_type": [
            "auth",
            "group"
        ],
        "codename": "change_group"
    }
},
{
    "model": "auth.permission",
    "fields": {
        "name": "Can delete group",
        "content_type": [
            "auth",
            "group"
        ],
        "codename": "delete_group"
    }
},
{
    "model": "auth.permission",
    "fields": {
        "name": "Can view group",
        "content_type": [
            "auth",
            "group"
        ],
        "codename": "view_group"
    }
},
{
    "model": "auth.permission",
    "fields": {
        "name": "Can add user",
        "content_type": [
            "auth",
            "user"
        ],
        "codename": "add_user"
    }
},
{
    "model": "auth.permission",
    "fields": {
        "name": "Can change user",
        "content_type": [
            "auth",
            "user"
        ],
        "codename": "change_user"
    }
},
{
    "model": "auth.permission",
    "fields": {
        "name": "Can delete user",
        "content_type": [
            "auth",
            "user"
        ],
        "codename": "delete_user"
    }
},
{
    "model": "auth.permission",
    "fields": {
        "name": "Can view user",
        "content_type": [
            "auth",
            "user"
        ],
        "codename": "view_user"
    }
},
{
    "model": "auth.permission",
    "fields": {
        "name": "Can add content type",
        "content_type": [
            "contenttypes",
            "contenttype"
        ],
        "codename": "add_contenttype"
    }
},
{
    "model": "auth.permission",
    "fields": {
        "name": "Can change content type",
        "content_type": [
            "contenttypes",
            "contenttype"
        ],
        "codename": "change_contenttype"
    }
},
{
    "model": "auth.permission",
    "fields": {
        "name": "Can delete content type",
        "content_type": [
            "contenttypes",
            "contenttype"
        ],
        "codename": "delete_contenttype"
    }
},
{
    "model": "auth.permission",
    "fields": {
        "name": "Can view content type",
        "content_type": [
            "contenttypes",
            "contenttype"
        ],
        "codename": "view_contenttype"
    }
},
{
    "model": "auth.permission",
    "fields": {
        "name": "Can add session",
        "content_type": [
            "sessions",
            "session"
        ],
        "codename": "add_session"
    }
},
{
    "model": "auth.permission",
    "fields": {
        "name": "Can change session",
        "content_type": [
            "sessions",
            "session"
        ],
        "codename": "change_session"
    }
},
{
    "model": "auth.permission",
    "fields": {
        "name": "Can delete session",
        "content_type": [
            "sessions",
            "session"
        ],
        "codename": "delete_session"
    }
},
{
    "model": "auth.permission",
    "fields": {
        "name": "Can view session",
        "content_type": [
            "sessions",
            "session"
        ],
        "codename": "view_session"
    }
},
{
    "model": "auth.permission",
    "fields": {
        "name": "Can add building",
        "content_type": [
            "logtable",
            "building"
        ],
        "codename": "add_building"
    }
},
{
    "model": "auth.permission",
    "fields": {
        "name": "Can change building",
        "content_type": [
            "logtable",
            "building"
        ],
        "codename": "change_building"
    }
},
{
    "model": "auth.permission",
    "fields": {
        "name": "Can delete building",
        "content_type": [
            "logtable",
            "building"
        ],
        "codename": "delete_building"
    }
},
{
    "model": "auth.permission",
    "fields": {
        "name": "Can view building",
        "content_type": [
            "logtable",
            "building"
        ],
        "codename": "view_building"
    }
},
{
    "model": "auth.permission",
    "fields": {
        "name": "Can add level",
        "content_type": [
            "logtable",
            "level"
        ],
        "codename": "add_level"
    }
},
{
    "model": "auth.permission",
    "fields": {
        "name": "Can change level",
        "content_type": [
            "logtable",
            "level"
        ],
        "codename": "change_level"
    }
},
{
    "model": "auth.permission",
    "fields": {
        "name": "Can delete level",
        "content_type": [
            "logtable",
            "level"
        ],
        "codename": "delete_level"
    }
},
{
    "model": "auth.permission",
    "fields": {
        "name": "Can view level",
        "content_type": [
            "logtable",
            "level"
        ],
        "codename": "view_level"
    }
},
{
    "model": "auth.permission",
    "fields": {
        "name": "Can add sensor",
        "content_type": [
            "logtable",
            "sensor"
        ],
        "codename": "add_sensor"
    }
},
{
    "model": "auth.permission",
    "fields": {
        "name": "Can change sensor",
        "content_type": [
            "logtable",
            "sensor"
        ],
        "codename": "change_sensor"
    }
},
{
    "model": "auth.permission",
    "fields": {
        "name": "Can delete sensor",
        "content_type": [
            "logtable",
            "sensor"
        ],
        "codename": "delete_sensor"
    }
},
{
    "model": "auth.permission",
    "fields": {
        "name": "Can view sensor",
        "content_type": [
            "logtable",
            "sensor"
        ],
        "codename": "view_sensor"
    }
},
{
    "model": "auth.permission",
    "fields": {
        "name": "Can add log",
        "content_type": [
            "logtable",
            "log"
        ],
        "codename": "add_log"
    }
},
{
    "model": "auth.permission",
    "fields": {
        "name": "Can change log",
        "content_type": [
            "logtable",
            "log"
        ],
        "codename": "change_log"
    }
},
{
    "model": "auth.permission",
    "fields": {
        "name": "Can delete log",
        "content_type": [
            "logtable",
            "log"
        ],
        "codename": "delete_log"
    }
},
{
    "model": "auth.permission",
    "fields": {
        "name": "Can view log",
        "content_type": [
            "logtable",
            "log"
        ],
        "codename": "view_log"
    }
},
{
    "model": "auth.user",
    "fields": {
        "password": "pbkdf2_sha256$150000$xqs5ukdpx9Sp$bE/F/kVpjzIa5TeOmYK1c1UWBjR6hjf3i4v6vU1uBpQ=",
        "last_login": "2020-09-15T17:33:33.145",
        "is_superuser": true,
        "username": "admin",
        "first_name": "",
        "last_name": "",
        "email": "admin@what.ever",
        "is_staff": true,
        "is_active": true,
        "date_joined": "2020-09-15T17:33:14.610",
        "groups": [],
        "user_permissions": []
    }
},
{
    "model": "admin.logentry",
    "pk": 11,
    "fields": {
        "action_time": "2020-09-15T17:33:39.865",
        "user": [
            "admin"
        ],
        "content_type": [
            "logtable",
            "building"
        ],
        "object_id": "8",
        "object_repr": "\uc2e0\uacf5\ud559\uad00",
        "action_flag": 1,
        "change_message": "[{\"added\": {}}]"
    }
},
{
    "model": "admin.logentry",
    "pk": 12,
    "fields": {
        "action_time": "2020-09-15T17:33:51.557",
        "user": [
            "admin"
        ],
        "content_type": [
            "logtable",
            "level"
        ],
        "object_id": "10",
        "object_repr": "\uc2e0\uacf5\ud559\uad00_1",
        "action_flag": 1,
        "change_message": "[{\"added\": {}}]"
    }
},
{
    "model": "admin.logentry",
    "pk": 13,
    "fields": {
        "action_time": "2020-09-15T17:33:57.265",
        "user": [
            "admin"
        ],
        "content_type": [
            "logtable",
            "level"
        ],
        "object_id": "11",
        "object_repr": "\uc2e0\uacf5\ud559\uad00_2",
        "action_flag": 1,
        "change_message": "[{\"added\": {}}]"
    }
},
{
    "model": "admin.logentry",
    "pk": 14,
    "fields": {
        "action_time": "2020-09-15T17:34:17.285",
        "user": [
            "admin"
        ],
        "content_type": [
            "logtable",
            "sensor"
        ],
        "object_id": "204",
        "object_repr": "DGU0004",
        "action_flag": 2,
        "change_message": "[{\"changed\": {\"fields\": [\"sensor_type\", \"sensor_status\", \"is_handled\", \"level\"]}}]"
    }
},
{
    "model": "admin.logentry",
    "pk": 15,
    "fields": {
        "action_time": "2020-09-15T17:34:28.324",
        "user": [
            "admin"
        ],
        "content_type": [
            "logtable",
            "sensor"
        ],
        "object_id": "213",
        "object_repr": "DGU0007",
        "action_flag": 2,
        "change_message": "[{\"changed\": {\"fields\": [\"sensor_type\", \"sensor_status\", \"level\"]}}]"
    }
},
{
    "model": "admin.logentry",
    "pk": 16,
    "fields": {
        "action_time": "2020-09-15T17:34:34.140",
        "user": [
            "admin"
        ],
        "content_type": [
            "logtable",
            "sensor"
        ],
        "object_id": "208",
        "object_repr": "DGU0008",
        "action_flag": 2,
        "change_message": "[{\"changed\": {\"fields\": [\"sensor_type\", \"sensor_status\", \"level\"]}}]"
    }
},
{
    "model": "admin.logentry",
    "pk": 17,
    "fields": {
        "action_time": "2020-09-15T17:34:44.278",
        "user": [
            "admin"
        ],
        "content_type": [
            "logtable",
            "sensor"
        ],
        "object_id": "209",
        "object_repr": "DGU0009",
        "action_flag": 2,
        "change_message": "[{\"changed\": {\"fields\": [\"sensor_type\", \"sensor_status\", \"level\"]}}]"
    }
},
{
    "model": "admin.logentry",
    "pk": 18,
    "fields": {
        "action_time": "2020-09-15T17:34:55.390",
        "user": [
            "admin"
        ],
        "content_type": [
            "logtable",
            "sensor"
        ],
        "object_id": "212",
        "object_repr": "DGU0012",
        "action_flag": 2,
        "change_message": "[{\"changed\": {\"fields\": [\"sensor_type\", \"sensor_status\", \"level\"]}}]"
    }
},
{
    "model": "admin.logentry",
    "pk": 19,
    "fields": {
        "action_time": "2020-09-15T17:41:39.110",
        "user": [
            "admin"
        ],
        "content_type": [
            "logtable",
            "sensor"
        ],
        "object_id": "213",
        "object_repr": "DGU0007",
        "action_flag": 2,
        "change_message": "[{\"changed\": {\"fields\": [\"is_handled\"]}}]"
    }
},
{
    "model": "admin.logentry",
    "pk": 20,
    "fields": {
        "action_time": "2020-09-15T17:41:42.468",
        "user": [
            "admin"
        ],
        "content_type": [
            "logtable",
            "sensor"
        ],
        "object_id": "208",
        "object_repr": "DGU0008",
        "action_flag": 2,
        "change_message": "[{\"changed\": {\"fields\": [\"is_handled\"]}}]"
    }
},
{
    "model": "admin.logentry",
    "pk": 21,
    "fields": {
        "action_time": "2020-09-15T17:41:45.478",
        "user": [
            "admin"
        ],
        "content_type": [
            "logtable",
            "sensor"
        ],
        "object_id": "209",
        "object_repr": "DGU0009",
        "action_flag": 2,
        "change_message": "[{\"changed\": {\"fields\": [\"is_handled\"]}}]"
    }
},
{
    "model": "admin.logentry",
    "pk": 22,
    "fields": {
        "action_time": "2020-09-15T17:41:48.645",
        "user": [
            "admin"
        ],
        "content_type": [
            "logtable",
            "sensor"
        ],
        "object_id": "211",
        "object_repr": "DGU0011",
        "action_flag": 2,
        "change_message": "[{\"changed\": {\"fields\": [\"is_handled\"]}}]"
    }
},
{
    "model": "admin.logentry",
    "pk": 23,
    "fields": {
        "action_time": "2020-09-15T17:42:02.893",
        "user": [
            "admin"
        ],
        "content_type": [
            "logtable",
            "sensor"
        ],
        "object_id": "212",
        "object_repr": "DGU0012",
        "action_flag": 2,
        "change_message": "[{\"changed\": {\"fields\": [\"is_handled\"]}}]"
    }
}
]
